model,roc_auc,prc_auc,time_seconds
model_0,0.9999789974300972,0.9999818962232074,3086.2276968955994
